city,forecast_time,temp_celsius,feels_like_celsius,humidity_percent,weather_condition,weather_description,wind_speed_ms,fetch_timestamp
Berlin,2025-11-29 09:00:00,6.51,5.36,94,Clouds,overcast clouds,1.77,2025-11-29T07:13:36.864679+00:00
Berlin,2025-11-29 12:00:00,7.74,6.51,88,Clouds,overcast clouds,2.05,2025-11-29T07:13:36.865141+00:00
Berlin,2025-11-29 15:00:00,8.92,7.39,85,Clouds,overcast clouds,2.72,2025-11-29T07:13:36.865520+00:00
Berlin,2025-11-29 18:00:00,7.2,4.96,90,Clouds,overcast clouds,3.3,2025-11-29T07:13:36.865889+00:00
Berlin,2025-11-29 21:00:00,6.63,4.07,93,Clouds,overcast clouds,3.62,2025-11-29T07:13:36.866285+00:00
Berlin,2025-11-30 00:00:00,6.87,4.59,94,Clouds,overcast clouds,3.25,2025-11-29T07:13:36.866652+00:00
Berlin,2025-11-30 03:00:00,4.47,1.42,92,Clouds,broken clouds,3.65,2025-11-29T07:13:36.867061+00:00
Berlin,2025-11-30 06:00:00,4.39,1.15,90,Clouds,broken clouds,3.93,2025-11-29T07:13:36.867432+00:00
Berlin,2025-11-30 09:00:00,5.5,2.68,91,Clouds,scattered clouds,3.64,2025-11-30T07:13:25.567242+00:00
Berlin,2025-11-30 12:00:00,7.42,5.51,82,Clouds,broken clouds,2.86,2025-11-30T07:13:25.567678+00:00
Berlin,2025-11-30 15:00:00,8.53,7.53,86,Clouds,overcast clouds,1.94,2025-11-30T07:13:25.568058+00:00
Berlin,2025-11-30 18:00:00,9.01,8.25,93,Rain,light rain,1.77,2025-11-30T07:13:25.568454+00:00
Berlin,2025-11-30 21:00:00,9.06,7.48,88,Clouds,overcast clouds,2.84,2025-11-30T07:13:25.568832+00:00
Berlin,2025-12-01 00:00:00,6.12,3.5,86,Clouds,overcast clouds,3.54,2025-11-30T07:13:25.569192+00:00
Berlin,2025-12-01 03:00:00,3.99,1.52,88,Clouds,overcast clouds,2.72,2025-11-30T07:13:25.569604+00:00
Berlin,2025-12-01 06:00:00,2.74,0.48,89,Clouds,overcast clouds,2.24,2025-11-30T07:13:25.569968+00:00
Berlin,2025-12-01 09:00:00,2.82,0.16,85,Clouds,broken clouds,2.67,2025-12-01T07:18:58.267214+00:00
Berlin,2025-12-01 12:00:00,5.09,2.82,75,Clouds,scattered clouds,2.73,2025-12-01T07:18:58.267651+00:00
Berlin,2025-12-01 15:00:00,6.1,3.95,78,Clouds,few clouds,2.83,2025-12-01T07:18:58.268039+00:00
Berlin,2025-12-01 18:00:00,4.75,1.94,76,Clouds,few clouds,3.38,2025-12-01T07:18:58.268440+00:00
Berlin,2025-12-01 21:00:00,3.97,1.06,77,Clouds,broken clouds,3.29,2025-12-01T07:18:58.268817+00:00
Berlin,2025-12-02 00:00:00,4.19,1.05,80,Clouds,broken clouds,3.7,2025-12-01T07:18:58.269204+00:00
Berlin,2025-12-02 03:00:00,1.53,-1.93,78,Clouds,broken clouds,3.33,2025-12-01T07:18:58.269579+00:00
Berlin,2025-12-02 06:00:00,1.36,-2.04,76,Clouds,broken clouds,3.21,2025-12-01T07:18:58.269944+00:00
Berlin,2025-12-02 09:00:00,1.1,-2.84,90,Clouds,overcast clouds,3.87,2025-12-02T07:18:09.518407+00:00
Berlin,2025-12-02 12:00:00,3.7,0.26,83,Clouds,overcast clouds,4.01,2025-12-02T07:18:09.518831+00:00
Berlin,2025-12-02 15:00:00,4.05,1.27,84,Clouds,broken clouds,3.13,2025-12-02T07:18:09.519243+00:00
Berlin,2025-12-02 18:00:00,1.11,-1.76,88,Clouds,broken clouds,2.55,2025-12-02T07:18:09.519622+00:00
Berlin,2025-12-02 21:00:00,-0.23,-2.97,89,Clouds,scattered clouds,2.2,2025-12-02T07:18:09.519994+00:00
Berlin,2025-12-03 00:00:00,1.51,-1.0,90,Clouds,few clouds,2.27,2025-12-02T07:18:09.520384+00:00
Berlin,2025-12-03 03:00:00,1.61,-0.93,88,Clouds,scattered clouds,2.32,2025-12-02T07:18:09.520750+00:00
Berlin,2025-12-03 06:00:00,2.76,0.55,85,Clouds,broken clouds,2.19,2025-12-02T07:18:09.521143+00:00
Berlin,2025-12-03 09:00:00,2.13,-0.43,90,Clouds,overcast clouds,2.43,2025-12-03T07:17:16.625762+00:00
Berlin,2025-12-03 12:00:00,3.41,1.11,81,Clouds,overcast clouds,2.4,2025-12-03T07:17:16.626184+00:00
Berlin,2025-12-03 15:00:00,4.67,2.73,79,Clouds,overcast clouds,2.26,2025-12-03T07:17:16.626586+00:00
Berlin,2025-12-03 18:00:00,3.92,1.9,84,Rain,light rain,2.2,2025-12-03T07:17:16.626954+00:00
Berlin,2025-12-03 21:00:00,2.06,-0.47,80,Clouds,overcast clouds,2.39,2025-12-03T07:17:16.627316+00:00
Berlin,2025-12-04 00:00:00,-0.05,-2.79,82,Clouds,broken clouds,2.23,2025-12-03T07:17:16.627707+00:00
Berlin,2025-12-04 03:00:00,2.24,-0.06,84,Clouds,broken clouds,2.19,2025-12-03T07:17:16.628068+00:00
Berlin,2025-12-04 06:00:00,1.84,-0.8,86,Clouds,scattered clouds,2.46,2025-12-03T07:17:16.628424+00:00
Berlin,2025-12-04 09:00:00,1.2,-1.56,89,Clouds,scattered clouds,2.46,2025-12-04T07:17:10.336500+00:00
Berlin,2025-12-04 12:00:00,2.9,0.21,80,Clouds,broken clouds,2.73,2025-12-04T07:17:10.337064+00:00
Berlin,2025-12-04 15:00:00,3.14,0.39,85,Clouds,overcast clouds,2.85,2025-12-04T07:17:10.337498+00:00
Berlin,2025-12-04 18:00:00,1.15,-2.14,90,Clouds,broken clouds,3.03,2025-12-04T07:17:10.337898+00:00
Berlin,2025-12-04 21:00:00,1.69,-1.05,91,Clouds,scattered clouds,2.53,2025-12-04T07:17:10.338307+00:00
Berlin,2025-12-05 00:00:00,2.22,-0.04,88,Clouds,broken clouds,2.15,2025-12-04T07:17:10.338683+00:00
Berlin,2025-12-05 03:00:00,3.73,2.24,89,Clouds,overcast clouds,1.7,2025-12-04T07:17:10.339088+00:00
Berlin,2025-12-05 06:00:00,4.05,2.49,92,Clouds,overcast clouds,1.8,2025-12-04T07:17:10.339462+00:00
Berlin,2025-12-05 09:00:00,4.22,4.22,96,Rain,light rain,0.62,2025-12-05T07:17:06.384237+00:00
Berlin,2025-12-05 12:00:00,4.91,4.91,98,Rain,light rain,0.88,2025-12-05T07:17:06.384662+00:00
Berlin,2025-12-05 15:00:00,5.86,4.19,96,Rain,light rain,2.19,2025-12-05T07:17:06.385086+00:00
Berlin,2025-12-05 18:00:00,6.42,5.41,90,Clouds,overcast clouds,1.63,2025-12-05T07:17:06.385467+00:00
Berlin,2025-12-05 21:00:00,4.2,2.47,87,Clouds,overcast clouds,1.97,2025-12-05T07:17:06.385859+00:00
Berlin,2025-12-06 00:00:00,2.61,-0.17,92,Clouds,broken clouds,2.77,2025-12-05T07:17:06.386225+00:00
Berlin,2025-12-06 03:00:00,1.54,-1.44,90,Clouds,few clouds,2.76,2025-12-05T07:17:06.386587+00:00
Berlin,2025-12-06 06:00:00,1.48,-1.66,91,Clouds,broken clouds,2.93,2025-12-05T07:17:06.386978+00:00
Berlin,2025-12-06 09:00:00,2.17,-1.38,91,Clouds,overcast clouds,3.65,2025-12-06T07:13:45.944191+00:00
Berlin,2025-12-06 12:00:00,4.15,1.16,83,Clouds,overcast clouds,3.45,2025-12-06T07:13:45.944641+00:00
Berlin,2025-12-06 15:00:00,3.93,0.9,83,Clouds,overcast clouds,3.44,2025-12-06T07:13:45.945021+00:00
Berlin,2025-12-06 18:00:00,5.52,2.66,85,Clouds,overcast clouds,3.72,2025-12-06T07:13:45.945407+00:00
Berlin,2025-12-06 21:00:00,7.15,4.78,86,Clouds,overcast clouds,3.49,2025-12-06T07:13:45.945773+00:00
Berlin,2025-12-07 00:00:00,5.64,3.23,91,Clouds,overcast clouds,3.07,2025-12-06T07:13:45.946135+00:00
Berlin,2025-12-07 03:00:00,5.69,2.98,90,Clouds,overcast clouds,3.54,2025-12-06T07:13:45.946548+00:00
Berlin,2025-12-07 06:00:00,6.17,3.52,90,Clouds,overcast clouds,3.6,2025-12-06T07:13:45.946909+00:00
Berlin,2025-12-07 09:00:00,6.09,3.38,93,Rain,light rain,3.68,2025-12-07T07:14:08.817004+00:00
Berlin,2025-12-07 12:00:00,7.09,4.96,92,Clouds,overcast clouds,3.08,2025-12-07T07:14:08.817447+00:00
Berlin,2025-12-07 15:00:00,8.15,6.51,92,Clouds,broken clouds,2.67,2025-12-07T07:14:08.817834+00:00
Berlin,2025-12-07 18:00:00,6.64,4.72,92,Clouds,broken clouds,2.66,2025-12-07T07:14:08.818208+00:00
Berlin,2025-12-07 21:00:00,5.4,3.08,94,Clouds,overcast clouds,2.87,2025-12-07T07:14:08.818603+00:00
Berlin,2025-12-08 00:00:00,6.64,3.88,93,Clouds,overcast clouds,3.98,2025-12-07T07:14:08.818984+00:00
Berlin,2025-12-08 03:00:00,7.29,4.25,95,Rain,light rain,4.89,2025-12-07T07:14:08.819377+00:00
Berlin,2025-12-08 06:00:00,8.97,6.52,93,Rain,light rain,4.48,2025-12-07T07:14:08.819744+00:00
Berlin,2025-12-08 09:00:00,9.57,7.16,93,Clouds,broken clouds,4.72,2025-12-08T07:20:05.968299+00:00
Berlin,2025-12-08 12:00:00,11.77,11.2,84,Clouds,broken clouds,4.1,2025-12-08T07:20:05.968742+00:00
Berlin,2025-12-08 15:00:00,12.18,11.75,88,Clouds,overcast clouds,3.26,2025-12-08T07:20:05.969147+00:00
Berlin,2025-12-08 18:00:00,14.45,14.3,90,Clouds,overcast clouds,4.36,2025-12-08T07:20:05.969517+00:00
Berlin,2025-12-08 21:00:00,11.62,11.24,92,Rain,light rain,5.08,2025-12-08T07:20:05.969907+00:00
Berlin,2025-12-09 00:00:00,11.17,10.85,96,Rain,light rain,3.25,2025-12-08T07:20:05.970284+00:00
Berlin,2025-12-09 03:00:00,10.54,10.18,97,Rain,light rain,2.86,2025-12-08T07:20:05.970648+00:00
Berlin,2025-12-09 06:00:00,10.63,10.2,94,Rain,light rain,2.77,2025-12-08T07:20:05.971051+00:00
Berlin,2025-12-09 09:00:00,10.99,10.65,96,Clouds,broken clouds,2.31,2025-12-09T07:18:31.832442+00:00
Berlin,2025-12-09 12:00:00,11.96,11.74,97,Rain,light rain,2.26,2025-12-09T07:18:31.832886+00:00
Berlin,2025-12-09 15:00:00,12.71,12.44,92,Clouds,overcast clouds,2.54,2025-12-09T07:18:31.833276+00:00
Berlin,2025-12-09 18:00:00,12.05,11.61,88,Clouds,overcast clouds,3.22,2025-12-09T07:18:31.833656+00:00
Berlin,2025-12-09 21:00:00,11.61,11.18,90,Clouds,overcast clouds,2.99,2025-12-09T07:18:31.834068+00:00
Berlin,2025-12-10 00:00:00,10.67,10.09,88,Clouds,overcast clouds,3.02,2025-12-09T07:18:31.834438+00:00
Berlin,2025-12-10 03:00:00,9.25,7.66,88,Clouds,overcast clouds,2.92,2025-12-09T07:18:31.834842+00:00
Berlin,2025-12-10 06:00:00,9.89,8.26,81,Clouds,overcast clouds,3.22,2025-12-09T07:18:31.835214+00:00
Berlin,2025-12-10 09:00:00,10.3,9.79,92,Clouds,scattered clouds,3.54,2025-12-10T07:19:04.790297+00:00
Berlin,2025-12-10 12:00:00,11.23,10.76,90,Clouds,broken clouds,3.25,2025-12-10T07:19:04.790729+00:00
Berlin,2025-12-10 15:00:00,10.65,10.07,88,Clouds,overcast clouds,2.47,2025-12-10T07:19:04.791117+00:00
Berlin,2025-12-10 18:00:00,9.89,8.15,90,Clouds,overcast clouds,3.41,2025-12-10T07:19:04.791538+00:00
Berlin,2025-12-10 21:00:00,9.88,8.1,90,Clouds,overcast clouds,3.5,2025-12-10T07:19:04.791913+00:00
Berlin,2025-12-11 00:00:00,9.93,7.81,89,Rain,light rain,4.23,2025-12-10T07:19:04.792315+00:00
Berlin,2025-12-11 03:00:00,9.46,7.32,89,Clouds,overcast clouds,4.05,2025-12-10T07:19:04.792684+00:00
Berlin,2025-12-11 06:00:00,9.21,6.94,82,Clouds,overcast clouds,4.19,2025-12-10T07:19:04.793050+00:00
Berlin,2025-12-11 09:00:00,9.82,7.44,83,Clouds,overcast clouds,4.8,2025-12-11T07:20:47.245108+00:00
Berlin,2025-12-11 12:00:00,10.93,10.12,78,Clouds,overcast clouds,4.71,2025-12-11T07:20:47.245584+00:00
Berlin,2025-12-11 15:00:00,10.42,9.58,79,Clouds,overcast clouds,4.3,2025-12-11T07:20:47.245974+00:00
Berlin,2025-12-11 18:00:00,9.8,7.52,77,Clouds,overcast clouds,4.55,2025-12-11T07:20:47.246370+00:00
Berlin,2025-12-11 21:00:00,7.27,4.65,80,Clouds,overcast clouds,4.0,2025-12-11T07:20:47.246741+00:00
Berlin,2025-12-12 00:00:00,5.65,3.68,85,Clouds,overcast clouds,2.49,2025-12-11T07:20:47.247105+00:00
Berlin,2025-12-12 03:00:00,5.28,3.34,87,Clouds,broken clouds,2.38,2025-12-11T07:20:47.247500+00:00
Berlin,2025-12-12 06:00:00,4.76,3.12,86,Clouds,broken clouds,1.97,2025-12-11T07:20:47.247860+00:00
Berlin,2025-12-12 09:00:00,3.93,2.93,90,Clouds,overcast clouds,1.36,2025-12-12T07:19:16.137209+00:00
Berlin,2025-12-12 12:00:00,6.46,5.78,79,Clouds,overcast clouds,1.37,2025-12-12T07:19:16.137651+00:00
Berlin,2025-12-12 15:00:00,7.23,6.64,76,Clear,clear sky,1.38,2025-12-12T07:19:16.138078+00:00
Berlin,2025-12-12 18:00:00,6.28,4.74,80,Clear,clear sky,2.13,2025-12-12T07:19:16.138451+00:00
Berlin,2025-12-12 21:00:00,4.9,3.03,83,Clouds,scattered clouds,2.22,2025-12-12T07:19:16.138839+00:00
Berlin,2025-12-13 00:00:00,4.55,3.11,83,Clouds,broken clouds,1.76,2025-12-12T07:19:16.139209+00:00
Berlin,2025-12-13 03:00:00,4.15,2.51,88,Clouds,broken clouds,1.88,2025-12-12T07:19:16.139567+00:00
Berlin,2025-12-13 06:00:00,4.13,2.61,87,Clouds,scattered clouds,1.77,2025-12-12T07:19:16.139946+00:00
Berlin,2025-12-13 09:00:00,4.76,3.15,94,Clouds,broken clouds,1.94,2025-12-13T07:15:13.575213+00:00
Berlin,2025-12-13 12:00:00,6.27,4.27,89,Clouds,scattered clouds,2.67,2025-12-13T07:15:13.575646+00:00
Berlin,2025-12-13 15:00:00,7.06,4.78,91,Clouds,broken clouds,3.31,2025-12-13T07:15:13.576025+00:00
Berlin,2025-12-13 18:00:00,7.39,4.93,93,Clouds,overcast clouds,3.74,2025-12-13T07:15:13.576391+00:00
Berlin,2025-12-13 21:00:00,6.73,4.28,81,Clouds,overcast clouds,3.48,2025-12-13T07:15:13.576770+00:00
Berlin,2025-12-14 00:00:00,4.82,2.46,93,Clouds,broken clouds,2.78,2025-12-13T07:15:13.577128+00:00
Berlin,2025-12-14 03:00:00,3.73,1.48,93,Clouds,broken clouds,2.41,2025-12-13T07:15:13.577485+00:00
Berlin,2025-12-14 06:00:00,3.29,0.87,91,Clouds,broken clouds,2.5,2025-12-13T07:15:13.577902+00:00
Berlin,2025-12-14 09:00:00,5.35,3.73,87,Clouds,overcast clouds,2.05,2025-12-14T07:14:31.274159+00:00
Berlin,2025-12-14 12:00:00,6.62,4.65,79,Clouds,broken clouds,2.72,2025-12-14T07:14:31.274963+00:00
Berlin,2025-12-14 15:00:00,6.32,4.6,86,Clouds,scattered clouds,2.34,2025-12-14T07:14:31.275702+00:00
Berlin,2025-12-14 18:00:00,5.93,3.99,93,Clouds,broken clouds,2.52,2025-12-14T07:14:31.276462+00:00
Berlin,2025-12-14 21:00:00,5.31,3.16,92,Clouds,overcast clouds,2.63,2025-12-14T07:14:31.277194+00:00
Berlin,2025-12-15 00:00:00,5.51,3.37,93,Clouds,broken clouds,2.66,2025-12-14T07:14:31.277935+00:00
Berlin,2025-12-15 03:00:00,3.48,0.82,92,Clouds,few clouds,2.83,2025-12-14T07:14:31.278636+00:00
Berlin,2025-12-15 06:00:00,3.4,0.7,91,Clouds,few clouds,2.85,2025-12-14T07:14:31.279365+00:00
Berlin,2025-12-15 09:00:00,5.12,2.69,91,Clouds,broken clouds,2.94,2025-12-15T07:20:29.153113+00:00
Berlin,2025-12-15 12:00:00,6.26,4.03,81,Clouds,scattered clouds,2.98,2025-12-15T07:20:29.153538+00:00
Berlin,2025-12-15 15:00:00,5.75,3.49,72,Clear,clear sky,2.89,2025-12-15T07:20:29.153939+00:00
Berlin,2025-12-15 18:00:00,4.8,2.54,75,Clear,clear sky,2.65,2025-12-15T07:20:29.154315+00:00
Berlin,2025-12-15 21:00:00,4.37,1.95,77,Clear,clear sky,2.74,2025-12-15T07:20:29.154680+00:00
Berlin,2025-12-16 00:00:00,4.12,1.6,79,Clear,clear sky,2.81,2025-12-15T07:20:29.155072+00:00
Berlin,2025-12-16 03:00:00,4.33,2.24,81,Clouds,overcast clouds,2.35,2025-12-15T07:20:29.155435+00:00
Berlin,2025-12-16 06:00:00,4.48,2.78,79,Clouds,overcast clouds,1.98,2025-12-15T07:20:29.155799+00:00
Berlin,2025-12-16 09:00:00,2.96,0.13,85,Clouds,few clouds,2.91,2025-12-16T07:19:27.870438+00:00
Berlin,2025-12-16 12:00:00,5.59,3.25,68,Clouds,few clouds,2.95,2025-12-16T07:19:27.870881+00:00
Berlin,2025-12-16 15:00:00,6.61,4.49,55,Clouds,overcast clouds,2.92,2025-12-16T07:19:27.871264+00:00
Berlin,2025-12-16 18:00:00,4.05,1.48,60,Clouds,broken clouds,2.85,2025-12-16T07:19:27.871662+00:00
Berlin,2025-12-16 21:00:00,2.5,0.4,62,Clouds,broken clouds,2.05,2025-12-16T07:19:27.872034+00:00
Berlin,2025-12-17 00:00:00,6.33,4.99,63,Clouds,broken clouds,1.93,2025-12-16T07:19:27.872398+00:00
Berlin,2025-12-17 03:00:00,2.56,0.58,64,Clouds,overcast clouds,1.95,2025-12-16T07:19:27.872817+00:00
Berlin,2025-12-17 06:00:00,2.51,2.51,63,Clouds,overcast clouds,1.28,2025-12-16T07:19:27.873187+00:00
Berlin,2025-12-17 09:00:00,-0.88,-3.49,85,Clouds,overcast clouds,2.01,2025-12-17T07:18:39.263192+00:00
Berlin,2025-12-17 12:00:00,3.54,0.86,69,Clouds,broken clouds,2.86,2025-12-17T07:18:39.263633+00:00
Berlin,2025-12-17 15:00:00,3.09,0.43,85,Clear,clear sky,2.74,2025-12-17T07:18:39.264024+00:00
Berlin,2025-12-17 18:00:00,2.31,-0.2,92,Clear,clear sky,2.41,2025-12-17T07:18:39.264421+00:00
Berlin,2025-12-17 21:00:00,3.09,0.81,89,Clouds,broken clouds,2.32,2025-12-17T07:18:39.264797+00:00
Berlin,2025-12-18 00:00:00,2.22,-0.12,83,Clouds,overcast clouds,2.23,2025-12-17T07:18:39.265163+00:00
Berlin,2025-12-18 03:00:00,5.42,2.95,88,Clouds,overcast clouds,3.08,2025-12-17T07:18:39.265589+00:00
Berlin,2025-12-18 06:00:00,4.75,1.8,91,Clouds,broken clouds,3.59,2025-12-17T07:18:39.265955+00:00
Berlin,2025-12-18 09:00:00,5.17,1.92,89,Clouds,scattered clouds,4.27,2025-12-18T07:18:08.585433+00:00
Berlin,2025-12-18 12:00:00,6.74,3.72,79,Clouds,broken clouds,4.54,2025-12-18T07:18:08.585852+00:00
Berlin,2025-12-18 15:00:00,6.81,4.21,80,Clouds,overcast clouds,3.77,2025-12-18T07:18:08.586230+00:00
Berlin,2025-12-18 18:00:00,5.89,3.16,84,Clouds,overcast clouds,3.64,2025-12-18T07:18:08.586629+00:00
Berlin,2025-12-18 21:00:00,6.15,3.26,79,Clouds,broken clouds,4.02,2025-12-18T07:18:08.586996+00:00
Berlin,2025-12-19 00:00:00,3.85,0.54,79,Clouds,broken clouds,3.84,2025-12-18T07:18:08.587381+00:00
Berlin,2025-12-19 03:00:00,6.25,3.31,78,Clouds,few clouds,4.15,2025-12-18T07:18:08.587743+00:00
Berlin,2025-12-19 06:00:00,5.9,3.13,78,Clouds,scattered clouds,3.71,2025-12-18T07:18:08.588100+00:00
Berlin,2025-12-19 09:00:00,5.46,2.36,86,Clouds,few clouds,4.12,2025-12-19T07:17:56.651698+00:00
Berlin,2025-12-19 12:00:00,8.71,6.51,75,Clouds,scattered clouds,3.81,2025-12-19T07:17:56.652132+00:00
Berlin,2025-12-19 15:00:00,10.28,9.35,76,Clouds,overcast clouds,3.64,2025-12-19T07:17:56.652548+00:00
Berlin,2025-12-19 18:00:00,9.44,8.0,83,Clouds,overcast clouds,2.74,2025-12-19T07:17:56.652927+00:00
Berlin,2025-12-19 21:00:00,8.1,6.42,87,Clouds,overcast clouds,2.72,2025-12-19T07:17:56.653294+00:00
Berlin,2025-12-20 00:00:00,7.85,6.63,95,Rain,light rain,2.06,2025-12-19T07:17:56.653683+00:00
Berlin,2025-12-20 03:00:00,7.9,6.67,97,Rain,light rain,2.09,2025-12-19T07:17:56.654051+00:00
Berlin,2025-12-20 06:00:00,7.18,6.28,92,Clouds,overcast clouds,1.63,2025-12-19T07:17:56.654415+00:00
Berlin,2025-12-20 09:00:00,6.47,5.64,85,Clouds,scattered clouds,1.49,2025-12-20T07:13:39.392300+00:00
Berlin,2025-12-20 12:00:00,6.96,6.96,77,Clouds,broken clouds,0.49,2025-12-20T07:13:39.392801+00:00
Berlin,2025-12-20 15:00:00,6.26,6.26,76,Clouds,broken clouds,1.32,2025-12-20T07:13:39.393210+00:00
Berlin,2025-12-20 18:00:00,6.16,4.79,74,Clouds,broken clouds,1.93,2025-12-20T07:13:39.393612+00:00
Berlin,2025-12-20 21:00:00,6.23,4.25,77,Clouds,overcast clouds,2.63,2025-12-20T07:13:39.394004+00:00
Berlin,2025-12-21 00:00:00,3.67,1.34,92,Clouds,overcast clouds,2.48,2025-12-20T07:13:39.394379+00:00
Berlin,2025-12-21 03:00:00,6.03,3.96,95,Clouds,overcast clouds,2.7,2025-12-20T07:13:39.394817+00:00
Berlin,2025-12-21 06:00:00,6.18,3.77,93,Clouds,overcast clouds,3.23,2025-12-20T07:13:39.395197+00:00
Berlin,2025-12-21 09:00:00,6.21,3.7,96,Clouds,overcast clouds,3.4,2025-12-21T07:15:31.689645+00:00
Berlin,2025-12-21 12:00:00,7.13,4.73,91,Clouds,overcast clouds,3.54,2025-12-21T07:15:31.690453+00:00
Berlin,2025-12-21 15:00:00,5.83,2.83,92,Clouds,overcast clouds,4.08,2025-12-21T07:15:31.691188+00:00
Berlin,2025-12-21 18:00:00,4.21,0.79,91,Clouds,overcast clouds,4.17,2025-12-21T07:15:31.691944+00:00
Berlin,2025-12-21 21:00:00,5.33,2.24,88,Clouds,overcast clouds,4.04,2025-12-21T07:15:31.692684+00:00
Berlin,2025-12-22 00:00:00,3.7,0.24,85,Clouds,overcast clouds,4.03,2025-12-21T07:15:31.693383+00:00
Berlin,2025-12-22 03:00:00,4.6,1.23,84,Clouds,overcast clouds,4.24,2025-12-21T07:15:31.694112+00:00
Berlin,2025-12-22 06:00:00,3.97,0.26,82,Clouds,overcast clouds,4.59,2025-12-21T07:15:31.694816+00:00
Berlin,2025-12-22 09:00:00,3.44,-0.38,94,Clouds,overcast clouds,4.55,2025-12-22T07:20:02.239619+00:00
Berlin,2025-12-22 12:00:00,5.14,1.65,86,Clouds,broken clouds,4.72,2025-12-22T07:20:02.240061+00:00
Berlin,2025-12-22 15:00:00,4.56,1.02,76,Clear,clear sky,4.53,2025-12-22T07:20:02.240446+00:00
Berlin,2025-12-22 18:00:00,3.12,-0.71,74,Clear,clear sky,4.44,2025-12-22T07:20:02.240850+00:00
Berlin,2025-12-22 21:00:00,2.14,-1.82,75,Clear,clear sky,4.26,2025-12-22T07:20:02.241264+00:00
Berlin,2025-12-23 00:00:00,1.53,-2.51,79,Clear,clear sky,4.16,2025-12-22T07:20:02.241634+00:00
Berlin,2025-12-23 03:00:00,1.12,-3.11,83,Clear,clear sky,4.31,2025-12-22T07:20:02.242038+00:00
Berlin,2025-12-23 06:00:00,0.81,-3.59,82,Clear,clear sky,4.47,2025-12-22T07:20:02.242405+00:00
Berlin,2025-12-23 09:00:00,1.66,-3.1,86,Clouds,broken clouds,5.49,2025-12-23T07:20:03.122136+00:00
Berlin,2025-12-23 12:00:00,1.23,-3.66,75,Clouds,scattered clouds,5.53,2025-12-23T07:20:03.122548+00:00
Berlin,2025-12-23 15:00:00,0.05,-5.01,70,Clear,clear sky,5.28,2025-12-23T07:20:03.122924+00:00
Berlin,2025-12-23 18:00:00,0.4,-4.06,69,Clouds,few clouds,4.41,2025-12-23T07:20:03.123321+00:00
Berlin,2025-12-23 21:00:00,-0.62,-5.73,83,Clear,clear sky,5.06,2025-12-23T07:20:03.123684+00:00
Berlin,2025-12-24 00:00:00,-1.04,-6.41,84,Clouds,few clouds,5.34,2025-12-23T07:20:03.124042+00:00
Berlin,2025-12-24 03:00:00,-0.06,-5.35,61,Clouds,overcast clouds,5.65,2025-12-23T07:20:03.124422+00:00
Berlin,2025-12-24 06:00:00,-2.23,-7.73,72,Clouds,broken clouds,5.04,2025-12-23T07:20:03.124779+00:00
Berlin,2025-12-24 09:00:00,-1.47,-6.98,72,Clouds,scattered clouds,5.38,2025-12-24T07:19:45.864795+00:00
Berlin,2025-12-24 12:00:00,-0.92,-6.28,48,Clouds,few clouds,5.37,2025-12-24T07:19:45.865209+00:00
Berlin,2025-12-24 15:00:00,-1.83,-7.43,33,Clear,clear sky,5.38,2025-12-24T07:19:45.865586+00:00
Berlin,2025-12-24 18:00:00,-2.43,-8.05,33,Clear,clear sky,5.15,2025-12-24T07:19:45.865978+00:00
Berlin,2025-12-24 21:00:00,-2.84,-8.42,33,Clear,clear sky,4.93,2025-12-24T07:19:45.866345+00:00
Berlin,2025-12-25 00:00:00,-3.09,-8.66,33,Clear,clear sky,4.81,2025-12-24T07:19:45.866732+00:00
Berlin,2025-12-25 03:00:00,-3.38,-8.71,33,Clear,clear sky,4.37,2025-12-24T07:19:45.867091+00:00
Berlin,2025-12-25 06:00:00,-3.49,-8.85,33,Clear,clear sky,4.37,2025-12-24T07:19:45.867449+00:00
Berlin,2025-12-25 09:00:00,-6.45,-12.53,75,Clear,clear sky,4.39,2025-12-25T07:17:58.367258+00:00
Berlin,2025-12-25 12:00:00,-3.68,-8.97,45,Clear,clear sky,4.21,2025-12-25T07:17:58.367673+00:00
Berlin,2025-12-25 15:00:00,-4.61,-9.98,25,Clear,clear sky,4.04,2025-12-25T07:17:58.368078+00:00
Berlin,2025-12-25 18:00:00,-4.61,-9.52,26,Clouds,few clouds,3.5,2025-12-25T07:17:58.368445+00:00
Berlin,2025-12-25 21:00:00,-4.16,-8.28,26,Clouds,few clouds,2.79,2025-12-25T07:17:58.368825+00:00
Berlin,2025-12-26 00:00:00,-3.16,-6.61,25,Clouds,scattered clouds,2.37,2025-12-25T07:17:58.369189+00:00
Berlin,2025-12-26 03:00:00,-2.98,-4.92,23,Clouds,overcast clouds,1.37,2025-12-25T07:17:58.369554+00:00
Berlin,2025-12-26 06:00:00,-2.27,-4.43,20,Clouds,overcast clouds,1.55,2025-12-25T07:17:58.369945+00:00
Berlin,2025-12-26 09:00:00,-5.1,-7.57,67,Clouds,overcast clouds,1.5,2025-12-26T07:17:59.028247+00:00
Berlin,2025-12-26 12:00:00,-2.62,-4.86,45,Clouds,broken clouds,1.57,2025-12-26T07:17:59.028671+00:00
Berlin,2025-12-26 15:00:00,-1.9,-4.42,40,Clear,clear sky,1.82,2025-12-26T07:17:59.029053+00:00
Berlin,2025-12-26 18:00:00,-3.34,-5.9,64,Clear,clear sky,1.7,2025-12-26T07:17:59.029453+00:00
Berlin,2025-12-26 21:00:00,-3.55,-6.03,85,Clear,clear sky,1.63,2025-12-26T07:17:59.029822+00:00
Berlin,2025-12-27 00:00:00,-3.69,-6.03,93,Clear,clear sky,1.54,2025-12-26T07:17:59.030216+00:00
Berlin,2025-12-27 03:00:00,-0.77,-3.38,95,Clear,clear sky,2.02,2025-12-26T07:17:59.030581+00:00
Berlin,2025-12-27 06:00:00,-1.01,-4.02,96,Clear,clear sky,2.32,2025-12-26T07:17:59.030954+00:00
Berlin,2025-12-27 09:00:00,-1.06,-5.22,96,Clouds,overcast clouds,3.52,2025-12-27T07:14:27.479178+00:00
Berlin,2025-12-27 12:00:00,0.71,-4.11,95,Clouds,overcast clouds,5.15,2025-12-27T07:14:27.479608+00:00
Berlin,2025-12-27 15:00:00,3.2,-1.48,91,Clouds,overcast clouds,6.21,2025-12-27T07:14:27.480021+00:00
Berlin,2025-12-27 18:00:00,3.76,0.77,91,Rain,light rain,3.33,2025-12-27T07:14:27.480410+00:00
Berlin,2025-12-27 21:00:00,0.62,-2.99,96,Clouds,few clouds,3.28,2025-12-27T07:14:27.480778+00:00
Berlin,2025-12-28 00:00:00,-2.92,-6.73,82,Clouds,few clouds,2.73,2025-12-27T07:14:27.481168+00:00
Berlin,2025-12-28 03:00:00,-0.56,-4.11,78,Clear,clear sky,2.93,2025-12-27T07:14:27.481529+00:00
Berlin,2025-12-28 06:00:00,-0.9,-4.11,71,Clear,clear sky,2.52,2025-12-27T07:14:27.481889+00:00
Berlin,2025-12-28 09:00:00,-1.58,-4.48,84,Clear,clear sky,2.14,2025-12-28T07:16:02.657295+00:00
Berlin,2025-12-28 12:00:00,-0.22,-3.19,71,Clear,clear sky,2.41,2025-12-28T07:16:02.657732+00:00
Berlin,2025-12-28 15:00:00,-1.14,-4.77,73,Clear,clear sky,2.89,2025-12-28T07:16:02.658109+00:00
Berlin,2025-12-28 18:00:00,-1.67,-5.44,77,Clear,clear sky,2.93,2025-12-28T07:16:02.658494+00:00
Berlin,2025-12-28 21:00:00,-1.06,-5.64,78,Clear,clear sky,4.08,2025-12-28T07:16:02.658877+00:00
Berlin,2025-12-29 00:00:00,-0.68,-5.98,64,Clear,clear sky,5.37,2025-12-28T07:16:02.659245+00:00
Berlin,2025-12-29 03:00:00,-0.1,-5.25,92,Clouds,broken clouds,5.37,2025-12-28T07:16:02.659640+00:00
Berlin,2025-12-29 06:00:00,2.39,-1.71,87,Rain,light rain,4.6,2025-12-28T07:16:02.659999+00:00
Berlin,2025-12-29 09:00:00,2.94,-0.93,92,Rain,light rain,4.43,2025-12-29T07:21:31.457187+00:00
Berlin,2025-12-29 12:00:00,4.69,0.76,85,Clouds,overcast clouds,5.4,2025-12-29T07:21:31.457602+00:00
Berlin,2025-12-29 15:00:00,4.63,0.81,80,Rain,light rain,5.14,2025-12-29T07:21:31.458006+00:00
Berlin,2025-12-29 18:00:00,3.44,-0.64,78,Rain,light rain,5.06,2025-12-29T07:21:31.458394+00:00
Berlin,2025-12-29 21:00:00,0.71,-3.18,74,Snow,light snow,3.67,2025-12-29T07:21:31.458761+00:00
Berlin,2025-12-30 00:00:00,0.5,-4.12,52,Clouds,overcast clouds,4.7,2025-12-29T07:21:31.459146+00:00
Berlin,2025-12-30 03:00:00,-0.79,-5.69,53,Clear,clear sky,4.65,2025-12-29T07:21:31.459509+00:00
Berlin,2025-12-30 06:00:00,-0.71,-5.81,57,Clouds,few clouds,5.01,2025-12-29T07:21:31.459868+00:00
Berlin,2025-12-30 09:00:00,-0.32,-5.49,82,Clouds,broken clouds,5.31,2025-12-30T07:18:34.097957+00:00
Berlin,2025-12-30 12:00:00,1.69,-3.44,67,Clouds,scattered clouds,6.3,2025-12-30T07:18:34.098363+00:00
Berlin,2025-12-30 15:00:00,1.73,-2.96,52,Clouds,broken clouds,5.4,2025-12-30T07:18:34.098733+00:00
Berlin,2025-12-30 18:00:00,0.64,-3.81,63,Clouds,broken clouds,4.48,2025-12-30T07:18:34.099052+00:00
Berlin,2025-12-30 21:00:00,0.04,-4.55,67,Clouds,scattered clouds,4.48,2025-12-30T07:18:34.099361+00:00
Berlin,2025-12-31 00:00:00,-1.09,-5.76,67,Clouds,broken clouds,4.19,2025-12-30T07:18:34.099680+00:00
Berlin,2025-12-31 03:00:00,-1.56,-6.38,63,Clouds,broken clouds,4.25,2025-12-30T07:18:34.099977+00:00
Berlin,2025-12-31 06:00:00,-1.89,-6.06,59,Clouds,broken clouds,3.32,2025-12-30T07:18:34.100269+00:00
Berlin,2025-12-31 09:00:00,-1.16,-5.96,87,Snow,snow,4.36,2025-12-31T07:19:21.355709+00:00
Berlin,2025-12-31 12:00:00,0.42,-4.3,92,Clouds,overcast clouds,4.85,2025-12-31T07:19:21.356127+00:00
Berlin,2025-12-31 15:00:00,2.23,-1.6,96,Rain,light rain,4.09,2025-12-31T07:19:21.356530+00:00
Berlin,2025-12-31 18:00:00,1.98,-1.54,95,Clouds,overcast clouds,3.54,2025-12-31T07:19:21.356910+00:00
Berlin,2025-12-31 21:00:00,1.53,-2.06,95,Clouds,overcast clouds,3.5,2025-12-31T07:19:21.357285+00:00
Berlin,2026-01-01 00:00:00,2.15,-2.14,97,Clouds,overcast clouds,4.84,2025-12-31T07:19:21.357669+00:00
Berlin,2026-01-01 03:00:00,3.34,-1.22,96,Rain,light rain,6.02,2025-12-31T07:19:21.358032+00:00
Berlin,2026-01-01 06:00:00,2.36,-2.62,88,Clouds,overcast clouds,6.37,2025-12-31T07:19:21.358390+00:00
Berlin,2026-01-01 09:00:00,2.06,-3.39,87,Rain,light rain,7.3,2026-01-01T07:19:06.141229+00:00
Berlin,2026-01-01 12:00:00,2.39,-3.22,89,Rain,light rain,8.01,2026-01-01T07:19:06.141644+00:00
Berlin,2026-01-01 15:00:00,2.97,-2.95,79,Snow,light snow,9.48,2026-01-01T07:19:06.142018+00:00
Berlin,2026-01-01 18:00:00,3.03,-2.88,76,Clouds,overcast clouds,9.53,2026-01-01T07:19:06.142406+00:00
Berlin,2026-01-01 21:00:00,3.48,-1.87,79,Clouds,overcast clouds,8.19,2026-01-01T07:19:06.142768+00:00
Berlin,2026-01-02 00:00:00,0.5,-5.42,88,Snow,light snow,7.35,2026-01-01T07:19:06.143127+00:00
Berlin,2026-01-02 03:00:00,1.91,-3.83,72,Snow,light snow,7.96,2026-01-01T07:19:06.143506+00:00
Berlin,2026-01-02 06:00:00,-0.05,-6.89,93,Snow,light snow,9.36,2026-01-01T07:19:06.143866+00:00
Berlin,2026-01-02 09:00:00,2.86,-2.86,81,Rain,light rain,8.75,2026-01-02T07:19:57.899410+00:00
Berlin,2026-01-02 12:00:00,2.91,-2.26,87,Rain,light rain,7.22,2026-01-02T07:19:57.899839+00:00
Berlin,2026-01-02 15:00:00,2.7,-2.82,82,Snow,snow,8.01,2026-01-02T07:19:57.900237+00:00
Berlin,2026-01-02 18:00:00,2.51,-3.31,88,Snow,snow,8.73,2026-01-02T07:19:57.900624+00:00
Berlin,2026-01-02 21:00:00,1.79,-3.92,79,Snow,light snow,7.79,2026-01-02T07:19:57.900989+00:00
Berlin,2026-01-03 00:00:00,-0.17,-5.86,71,Clouds,overcast clouds,6.41,2026-01-02T07:19:57.901349+00:00
Berlin,2026-01-03 03:00:00,-1.41,-7.6,81,Clouds,overcast clouds,6.73,2026-01-02T07:19:57.901776+00:00
Berlin,2026-01-03 06:00:00,-0.8,-6.86,80,Clouds,broken clouds,6.81,2026-01-02T07:19:57.902137+00:00
Berlin,2026-01-03 09:00:00,0.28,-4.5,88,Snow,snow,4.89,2026-01-03T07:15:11.731474+00:00
Berlin,2026-01-03 12:00:00,2.12,-3.69,91,Snow,snow,8.33,2026-01-03T07:15:11.732008+00:00
Berlin,2026-01-03 15:00:00,-0.1,-1.93,94,Snow,snow,1.54,2026-01-03T07:15:11.732431+00:00
Berlin,2026-01-03 18:00:00,-2.36,-2.36,98,Snow,light snow,0.93,2026-01-03T07:15:11.732842+00:00
Berlin,2026-01-03 21:00:00,-2.02,-4.95,97,Clouds,overcast clouds,2.11,2026-01-03T07:15:11.733221+00:00
Berlin,2026-01-04 00:00:00,0.56,-5.06,82,Snow,light snow,6.68,2026-01-03T07:15:11.733587+00:00
Berlin,2026-01-04 03:00:00,-2.26,-9.26,88,Snow,light snow,9.03,2026-01-03T07:15:11.733978+00:00
Berlin,2026-01-04 06:00:00,-4.06,-9.99,87,Clouds,overcast clouds,5.0,2026-01-03T07:15:11.734367+00:00
Berlin,2026-01-04 09:00:00,-2.81,-7.63,89,Clouds,broken clouds,3.86,2026-01-04T07:17:16.057956+00:00
Berlin,2026-01-04 12:00:00,-1.69,-6.26,93,Snow,light snow,3.87,2026-01-04T07:17:16.058394+00:00
Berlin,2026-01-04 15:00:00,-1.36,-4.43,96,Snow,snow,2.32,2026-01-04T07:17:16.058801+00:00
Berlin,2026-01-04 18:00:00,-3.45,-6.32,98,Clouds,broken clouds,1.89,2026-01-04T07:17:16.059174+00:00
Berlin,2026-01-04 21:00:00,-0.43,-4.59,97,Snow,light snow,3.7,2026-01-04T07:17:16.059559+00:00
Berlin,2026-01-05 00:00:00,-1.44,-5.94,93,Snow,light snow,3.85,2026-01-04T07:17:16.059930+00:00
Berlin,2026-01-05 03:00:00,-1.83,-5.87,93,Clouds,overcast clouds,3.19,2026-01-04T07:17:16.060366+00:00
Berlin,2026-01-05 06:00:00,-2.42,-5.79,94,Clouds,overcast clouds,2.41,2026-01-04T07:17:16.060777+00:00
Berlin,2026-01-05 09:00:00,-0.85,-4.36,88,Clouds,scattered clouds,2.83,2026-01-05T07:23:46.847098+00:00
Berlin,2026-01-05 12:00:00,-0.53,-3.95,85,Clouds,broken clouds,2.8,2026-01-05T07:23:46.847540+00:00
Berlin,2026-01-05 15:00:00,-3.5,-7.0,91,Clouds,broken clouds,2.36,2026-01-05T07:23:46.847918+00:00
Berlin,2026-01-05 18:00:00,-3.79,-7.44,94,Clouds,broken clouds,2.44,2026-01-05T07:23:46.848300+00:00
Berlin,2026-01-05 21:00:00,-4.76,-8.14,95,Clouds,overcast clouds,2.1,2026-01-05T07:23:46.848663+00:00
Berlin,2026-01-06 00:00:00,-3.72,-7.51,93,Clouds,overcast clouds,2.57,2026-01-05T07:23:46.849018+00:00
Berlin,2026-01-06 03:00:00,-3.93,-7.99,91,Clouds,overcast clouds,2.78,2026-01-05T07:23:46.849411+00:00
Berlin,2026-01-06 06:00:00,-4.88,-8.74,95,Clouds,broken clouds,2.45,2026-01-05T07:23:46.849771+00:00
Berlin,2026-01-06 09:00:00,-5.01,-8.97,89,Snow,light snow,2.51,2026-01-06T07:21:51.922798+00:00
Berlin,2026-01-06 12:00:00,-2.23,-6.42,86,Snow,light snow,3.26,2026-01-06T07:21:51.923210+00:00
Berlin,2026-01-06 15:00:00,1.27,-1.42,83,Snow,light snow,2.4,2026-01-06T07:21:51.923592+00:00
Berlin,2026-01-06 18:00:00,-0.21,-2.6,88,Clouds,overcast clouds,1.92,2026-01-06T07:21:51.923998+00:00
Berlin,2026-01-06 21:00:00,-3.13,-6.5,94,Clouds,overcast clouds,2.31,2026-01-06T07:21:51.924363+00:00
Berlin,2026-01-07 00:00:00,-4.88,-8.53,95,Clouds,scattered clouds,2.28,2026-01-06T07:21:51.924752+00:00
Berlin,2026-01-07 03:00:00,-5.94,-10.58,93,Clouds,few clouds,2.95,2026-01-06T07:21:51.925117+00:00
Berlin,2026-01-07 06:00:00,-6.21,-10.04,94,Clouds,scattered clouds,2.24,2026-01-06T07:21:51.925471+00:00
Berlin,2026-01-07 09:00:00,-6.51,-11.69,90,Clouds,broken clouds,3.36,2026-01-07T07:21:08.221003+00:00
Berlin,2026-01-07 12:00:00,-4.26,-9.35,85,Clouds,scattered clouds,3.8,2026-01-07T07:21:08.221439+00:00
Berlin,2026-01-07 15:00:00,-4.95,-9.95,85,Clear,clear sky,3.52,2026-01-07T07:21:08.221815+00:00
Berlin,2026-01-07 18:00:00,-5.58,-10.8,89,Clear,clear sky,3.61,2026-01-07T07:21:08.222180+00:00
Berlin,2026-01-07 21:00:00,-7.9,-13.25,90,Clear,clear sky,3.24,2026-01-07T07:21:08.222575+00:00
Berlin,2026-01-08 00:00:00,-8.53,-14.13,90,Clear,clear sky,3.35,2026-01-07T07:21:08.222940+00:00
Berlin,2026-01-08 03:00:00,-7.93,-13.6,88,Clouds,broken clouds,3.54,2026-01-07T07:21:08.223330+00:00
Berlin,2026-01-08 06:00:00,-8.01,-13.58,87,Clouds,broken clouds,3.43,2026-01-07T07:21:08.223686+00:00
Berlin,2026-01-08 09:00:00,-8.14,-13.39,85,Clouds,few clouds,3.1,2026-01-08T07:20:31.736893+00:00
Berlin,2026-01-08 12:00:00,-4.73,-9.59,86,Clouds,few clouds,3.42,2026-01-08T07:20:31.737309+00:00
Berlin,2026-01-08 15:00:00,-2.06,-6.42,91,Clouds,scattered clouds,3.5,2026-01-08T07:20:31.737690+00:00
Berlin,2026-01-08 18:00:00,-3.12,-7.95,95,Clouds,broken clouds,3.79,2026-01-08T07:20:31.738083+00:00
Berlin,2026-01-08 21:00:00,-2.02,-6.73,93,Clouds,overcast clouds,3.95,2026-01-08T07:20:31.738449+00:00
Berlin,2026-01-09 00:00:00,-3.72,-9.54,88,Clouds,overcast clouds,4.96,2026-01-08T07:20:31.738836+00:00
Berlin,2026-01-09 03:00:00,-6.13,-13.13,78,Clouds,overcast clouds,6.08,2026-01-08T07:20:31.739216+00:00
Berlin,2026-01-09 06:00:00,-5.07,-12.07,77,Clouds,overcast clouds,7.47,2026-01-08T07:20:31.739572+00:00
Berlin,2026-01-09 09:00:00,-6.39,-13.39,82,Clouds,scattered clouds,7.2,2026-01-09T07:21:18.683258+00:00
Berlin,2026-01-09 12:00:00,-5.65,-12.65,83,Snow,light snow,7.55,2026-01-09T07:21:18.683719+00:00
Berlin,2026-01-09 15:00:00,-4.16,-11.16,88,Snow,light snow,7.92,2026-01-09T07:21:18.684102+00:00
Berlin,2026-01-09 18:00:00,-3.59,-10.59,88,Snow,snow,7.77,2026-01-09T07:21:18.684494+00:00
Berlin,2026-01-09 21:00:00,-3.65,-10.65,93,Snow,snow,7.46,2026-01-09T07:21:18.684863+00:00
Berlin,2026-01-10 00:00:00,-7.97,-14.97,90,Snow,light snow,7.26,2026-01-09T07:21:18.685221+00:00
Berlin,2026-01-10 03:00:00,-8.24,-15.24,85,Snow,light snow,6.45,2026-01-09T07:21:18.685633+00:00
Berlin,2026-01-10 06:00:00,-8.51,-15.51,85,Clouds,overcast clouds,6.2,2026-01-09T07:21:18.686006+00:00
Berlin,2026-01-10 09:00:00,-6.81,-11.64,80,Clouds,overcast clouds,2.96,2026-01-10T07:14:51.331129+00:00
Berlin,2026-01-10 12:00:00,-5.07,-8.68,82,Clouds,overcast clouds,2.23,2026-01-10T07:14:51.331573+00:00
Berlin,2026-01-10 15:00:00,-4.09,-7.44,92,Clouds,scattered clouds,2.16,2026-01-10T07:14:51.331958+00:00
Berlin,2026-01-10 18:00:00,-2.14,-6.85,93,Clouds,broken clouds,3.92,2026-01-10T07:14:51.332324+00:00
Berlin,2026-01-10 21:00:00,-3.8,-8.46,93,Snow,light snow,3.42,2026-01-10T07:14:51.332738+00:00
Berlin,2026-01-11 00:00:00,-4.74,-9.8,93,Clouds,scattered clouds,3.64,2026-01-10T07:14:51.333099+00:00
Berlin,2026-01-11 03:00:00,-7.64,-13.61,91,Clear,clear sky,3.93,2026-01-10T07:14:51.333468+00:00
Berlin,2026-01-11 06:00:00,-8.12,-14.5,89,Clear,clear sky,4.28,2026-01-10T07:14:51.333839+00:00
Berlin,2026-01-11 09:00:00,-6.17,-12.16,85,Clear,clear sky,4.36,2026-01-11T07:16:53.983834+00:00
Berlin,2026-01-11 12:00:00,-3.09,-8.8,83,Clear,clear sky,5.03,2026-01-11T07:16:53.984257+00:00
Berlin,2026-01-11 15:00:00,-5.39,-11.0,91,Clear,clear sky,4.12,2026-01-11T07:16:53.984661+00:00
Berlin,2026-01-11 18:00:00,-7.55,-12.76,96,Clouds,few clouds,3.17,2026-01-11T07:16:53.985030+00:00
Berlin,2026-01-11 21:00:00,-9.26,-13.71,97,Clouds,scattered clouds,2.3,2026-01-11T07:16:53.985441+00:00
Berlin,2026-01-12 00:00:00,-10.19,-13.7,96,Clouds,broken clouds,1.66,2026-01-11T07:16:53.985806+00:00
Berlin,2026-01-12 03:00:00,-9.49,-13.09,91,Clouds,overcast clouds,1.76,2026-01-11T07:16:53.986164+00:00
Berlin,2026-01-12 06:00:00,-7.58,-11.69,87,Clouds,overcast clouds,2.27,2026-01-11T07:16:53.986546+00:00
Berlin,2026-01-12 09:00:00,-7.8,-12.98,85,Snow,light snow,3.1,2026-01-12T07:22:40.814469+00:00
Berlin,2026-01-12 12:00:00,-4.33,-9.5,91,Snow,light snow,3.87,2026-01-12T07:22:40.814886+00:00
Berlin,2026-01-12 15:00:00,-0.25,-4.67,97,Snow,light snow,4.11,2026-01-12T07:22:40.815288+00:00
Berlin,2026-01-12 18:00:00,0.5,-3.44,97,Snow,light snow,3.67,2026-01-12T07:22:40.815659+00:00
Berlin,2026-01-12 21:00:00,1.2,-2.43,99,Rain,light rain,3.47,2026-01-12T07:22:40.816029+00:00
Berlin,2026-01-13 00:00:00,2.64,-0.29,99,Rain,light rain,2.95,2026-01-12T07:22:40.816409+00:00
Berlin,2026-01-13 03:00:00,0.79,-1.19,100,Rain,light rain,1.73,2026-01-12T07:22:40.816767+00:00
Berlin,2026-01-13 06:00:00,1.55,-1.31,100,Rain,light rain,2.63,2026-01-12T07:22:40.817158+00:00
Berlin,2026-01-13 09:00:00,0.11,-1.45,96,Clouds,overcast clouds,1.39,2026-01-13T07:21:01.686943+00:00
Berlin,2026-01-13 12:00:00,1.45,-1.02,98,Clouds,overcast clouds,2.22,2026-01-13T07:21:01.687416+00:00
Berlin,2026-01-13 15:00:00,2.38,0.04,100,Clouds,overcast clouds,2.25,2026-01-13T07:21:01.687815+00:00
Berlin,2026-01-13 18:00:00,1.89,-1.05,100,Clouds,overcast clouds,2.79,2026-01-13T07:21:01.688235+00:00
Berlin,2026-01-13 21:00:00,2.22,-1.17,100,Clouds,overcast clouds,3.44,2026-01-13T07:21:01.688608+00:00
Berlin,2026-01-14 00:00:00,1.99,-1.81,100,Rain,light rain,3.95,2026-01-13T07:21:01.688977+00:00
Berlin,2026-01-14 03:00:00,2.31,-1.52,100,Clouds,overcast clouds,4.11,2026-01-13T07:21:01.689381+00:00
Berlin,2026-01-14 06:00:00,2.21,-1.4,97,Clouds,overcast clouds,3.75,2026-01-13T07:21:01.689746+00:00
Berlin,2026-01-14 09:00:00,3.18,0.1,97,Rain,light rain,3.29,2026-01-14T07:21:23.818523+00:00
Berlin,2026-01-14 12:00:00,5.17,1.86,98,Rain,light rain,4.37,2026-01-14T07:21:23.818979+00:00
Berlin,2026-01-14 15:00:00,2.98,-0.3,99,Rain,light rain,3.51,2026-01-14T07:21:23.819368+00:00
Berlin,2026-01-14 18:00:00,1.62,-2.0,97,Clouds,overcast clouds,3.57,2026-01-14T07:21:23.819771+00:00
Berlin,2026-01-14 21:00:00,1.39,-1.21,91,Clouds,overcast clouds,2.34,2026-01-14T07:21:23.820157+00:00
Berlin,2026-01-15 00:00:00,1.35,-0.88,87,Clouds,overcast clouds,2.0,2026-01-14T07:21:23.820528+00:00
Berlin,2026-01-15 03:00:00,0.41,-1.79,95,Clouds,overcast clouds,1.85,2026-01-14T07:21:23.820958+00:00
Berlin,2026-01-15 06:00:00,1.03,-2.01,97,Clouds,overcast clouds,2.72,2026-01-14T07:21:23.821337+00:00
Berlin,2026-01-15 09:00:00,2.72,-0.42,97,Clouds,broken clouds,3.24,2026-01-15T07:21:20.928041+00:00
Berlin,2026-01-15 12:00:00,4.86,2.54,98,Clouds,overcast clouds,2.74,2026-01-15T07:21:20.928453+00:00
Berlin,2026-01-15 15:00:00,6.23,4.22,98,Clouds,overcast clouds,2.68,2026-01-15T07:21:20.928831+00:00
Berlin,2026-01-15 18:00:00,3.94,1.46,97,Clouds,overcast clouds,2.71,2026-01-15T07:21:20.929226+00:00
Berlin,2026-01-15 21:00:00,1.16,-2.19,95,Clouds,overcast clouds,3.1,2026-01-15T07:21:20.929594+00:00
Berlin,2026-01-16 00:00:00,3.17,0.34,95,Clouds,overcast clouds,2.96,2026-01-15T07:21:20.929970+00:00
Berlin,2026-01-16 03:00:00,2.53,-0.89,94,Clouds,overcast clouds,3.57,2026-01-15T07:21:20.930331+00:00
Berlin,2026-01-16 06:00:00,2.85,-0.49,94,Clouds,overcast clouds,3.55,2026-01-15T07:21:20.930685+00:00
Berlin,2026-01-16 09:00:00,2.79,-0.4,95,Clouds,overcast clouds,3.33,2026-01-16T07:20:27.660197+00:00
Berlin,2026-01-16 12:00:00,4.71,1.88,91,Clouds,overcast clouds,3.4,2026-01-16T07:20:27.660633+00:00
Berlin,2026-01-16 15:00:00,3.87,1.27,93,Clouds,overcast clouds,2.85,2026-01-16T07:20:27.661012+00:00
Berlin,2026-01-16 18:00:00,2.41,-0.32,94,Clouds,overcast clouds,2.66,2026-01-16T07:20:27.661401+00:00
Berlin,2026-01-16 21:00:00,1.24,-1.82,93,Clouds,overcast clouds,2.78,2026-01-16T07:20:27.661772+00:00
Berlin,2026-01-17 00:00:00,0.7,-2.47,95,Clouds,broken clouds,2.79,2026-01-16T07:20:27.662147+00:00
Berlin,2026-01-17 03:00:00,1.23,-2.49,93,Clouds,few clouds,3.6,2026-01-16T07:20:27.662538+00:00
Berlin,2026-01-17 06:00:00,1.19,-2.58,93,Clouds,scattered clouds,3.65,2026-01-16T07:20:27.662903+00:00
Berlin,2026-01-17 09:00:00,1.24,-2.63,94,Clouds,overcast clouds,3.81,2026-01-17T07:14:58.423073+00:00
Berlin,2026-01-17 12:00:00,5.66,2.8,85,Clouds,overcast clouds,3.78,2026-01-17T07:14:58.423512+00:00
Berlin,2026-01-17 15:00:00,6.91,4.25,85,Clouds,broken clouds,3.92,2026-01-17T07:14:58.423896+00:00
Berlin,2026-01-17 18:00:00,3.98,1.05,93,Clouds,broken clouds,3.32,2026-01-17T07:14:58.424307+00:00
Berlin,2026-01-17 21:00:00,2.29,-1.13,94,Clouds,overcast clouds,3.5,2026-01-17T07:14:58.424680+00:00
Berlin,2026-01-18 00:00:00,1.39,-1.77,95,Clouds,overcast clouds,2.93,2026-01-17T07:14:58.425046+00:00
Berlin,2026-01-18 03:00:00,0.82,-2.93,93,Clouds,scattered clouds,3.51,2026-01-17T07:14:58.425430+00:00
Berlin,2026-01-18 06:00:00,0.37,-3.65,93,Clouds,scattered clouds,3.74,2026-01-17T07:14:58.425792+00:00
Berlin,2026-01-18 09:00:00,1.24,-2.67,93,Clouds,broken clouds,3.87,2026-01-18T07:15:55.088302+00:00
Berlin,2026-01-18 12:00:00,2.9,-0.72,80,Clouds,broken clouds,4.0,2026-01-18T07:15:55.088757+00:00
Berlin,2026-01-18 15:00:00,2.8,-1.2,68,Clouds,broken clouds,4.6,2026-01-18T07:15:55.089178+00:00
Berlin,2026-01-18 18:00:00,-0.99,-5.92,74,Clouds,broken clouds,4.62,2026-01-18T07:15:55.089573+00:00
Berlin,2026-01-18 21:00:00,-0.25,-4.66,71,Clear,clear sky,4.1,2026-01-18T07:15:55.089974+00:00
Berlin,2026-01-19 00:00:00,-3.05,-8.02,65,Clear,clear sky,3.98,2026-01-18T07:15:55.090359+00:00
Berlin,2026-01-19 03:00:00,0.31,-3.79,58,Clear,clear sky,3.84,2026-01-18T07:15:55.090718+00:00
Berlin,2026-01-19 06:00:00,-0.02,-4.36,56,Clear,clear sky,4.08,2026-01-18T07:15:55.091125+00:00
Berlin,2026-01-19 09:00:00,-1.26,-6.27,75,Clouds,few clouds,4.65,2026-01-19T07:24:20.755623+00:00
Berlin,2026-01-19 12:00:00,1.77,-2.74,60,Clear,clear sky,5.06,2026-01-19T07:24:20.756086+00:00
Berlin,2026-01-19 15:00:00,3.23,-1.3,48,Clear,clear sky,5.89,2026-01-19T07:24:20.756480+00:00
Berlin,2026-01-19 18:00:00,0.99,-3.84,58,Clear,clear sky,5.29,2026-01-19T07:24:20.756881+00:00
Berlin,2026-01-19 21:00:00,-0.06,-4.64,62,Clear,clear sky,4.42,2026-01-19T07:24:20.757264+00:00
Berlin,2026-01-20 00:00:00,-0.45,-5.0,61,Clear,clear sky,4.24,2026-01-19T07:24:20.757731+00:00
Berlin,2026-01-20 03:00:00,-1.08,-5.61,64,Clear,clear sky,4.0,2026-01-19T07:24:20.758131+00:00
Berlin,2026-01-20 06:00:00,-1.71,-5.99,67,Clear,clear sky,3.5,2026-01-19T07:24:20.758504+00:00
Berlin,2026-01-20 09:00:00,-2.78,-7.68,72,Clear,clear sky,3.98,2026-01-20T07:23:14.006523+00:00
Berlin,2026-01-20 12:00:00,-0.4,-4.6,59,Clear,clear sky,3.76,2026-01-20T07:23:14.006994+00:00
Berlin,2026-01-20 15:00:00,-0.36,-3.41,52,Clear,clear sky,2.46,2026-01-20T07:23:14.007383+00:00
Berlin,2026-01-20 18:00:00,-1.72,-5.06,62,Clear,clear sky,2.5,2026-01-20T07:23:14.007756+00:00
Berlin,2026-01-20 21:00:00,-2.28,-5.87,63,Clear,clear sky,2.63,2026-01-20T07:23:14.008149+00:00
Berlin,2026-01-21 00:00:00,-3.63,-7.2,62,Clear,clear sky,2.4,2026-01-20T07:23:14.008512+00:00
Berlin,2026-01-21 03:00:00,-2.14,-5.6,63,Clear,clear sky,2.54,2026-01-20T07:23:14.008911+00:00
Berlin,2026-01-21 06:00:00,-2.41,-5.83,63,Clear,clear sky,2.46,2026-01-20T07:23:14.009276+00:00
Berlin,2026-01-21 09:00:00,-3.77,-7.82,78,Clear,clear sky,2.8,2026-01-21T07:23:21.767335+00:00
Berlin,2026-01-21 12:00:00,-0.13,-3.25,58,Clear,clear sky,2.57,2026-01-21T07:23:21.767748+00:00
Berlin,2026-01-21 15:00:00,0.57,-2.35,51,Clear,clear sky,2.5,2026-01-21T07:23:21.768150+00:00
Berlin,2026-01-21 18:00:00,-2.79,-5.88,58,Clear,clear sky,2.13,2026-01-21T07:23:21.768527+00:00
Berlin,2026-01-21 21:00:00,-4.2,-8.3,63,Clear,clear sky,2.77,2026-01-21T07:23:21.768894+00:00
Berlin,2026-01-22 00:00:00,-3.61,-7.62,65,Clear,clear sky,2.79,2026-01-21T07:23:21.769277+00:00
Berlin,2026-01-22 03:00:00,-2.33,-6.99,59,Clear,clear sky,3.8,2026-01-21T07:23:21.769639+00:00
Berlin,2026-01-22 06:00:00,-2.89,-6.78,56,Clouds,few clouds,2.81,2026-01-21T07:23:21.770042+00:00
Berlin,2026-01-22 09:00:00,-4.89,-9.41,73,Clear,clear sky,3.03,2026-01-22T07:22:53.685831+00:00
Berlin,2026-01-22 12:00:00,-1.3,-4.42,58,Clear,clear sky,2.37,2026-01-22T07:22:53.686265+00:00
Berlin,2026-01-22 15:00:00,-0.13,-3.05,55,Clouds,few clouds,2.38,2026-01-22T07:22:53.686647+00:00
Berlin,2026-01-22 18:00:00,-2.45,-5.78,60,Clouds,few clouds,2.37,2026-01-22T07:22:53.687044+00:00
Berlin,2026-01-22 21:00:00,-3.89,-7.94,60,Clouds,few clouds,2.78,2026-01-22T07:22:53.687422+00:00
Berlin,2026-01-23 00:00:00,-5.86,-10.93,61,Clouds,scattered clouds,3.38,2026-01-22T07:22:53.687827+00:00
Berlin,2026-01-23 03:00:00,-3.01,-7.22,62,Clouds,broken clouds,3.11,2026-01-22T07:22:53.688194+00:00
Berlin,2026-01-23 06:00:00,-3.37,-7.97,69,Clouds,broken clouds,3.45,2026-01-22T07:22:53.688561+00:00
Berlin,2026-01-23 09:00:00,-5.96,-11.94,80,Clouds,few clouds,4.42,2026-01-23T07:21:12.301149+00:00
Berlin,2026-01-23 12:00:00,-2.7,-8.04,67,Clouds,few clouds,4.62,2026-01-23T07:21:12.301569+00:00
Berlin,2026-01-23 15:00:00,-0.5,-5.12,56,Clear,clear sky,4.33,2026-01-23T07:21:12.301952+00:00
Berlin,2026-01-23 18:00:00,-1.85,-6.97,64,Clear,clear sky,4.59,2026-01-23T07:21:12.302342+00:00
Berlin,2026-01-23 21:00:00,-2.36,-7.73,79,Clouds,scattered clouds,4.79,2026-01-23T07:21:12.302705+00:00
Berlin,2026-01-24 00:00:00,-2.66,-7.63,87,Clouds,scattered clouds,4.11,2026-01-23T07:21:12.303092+00:00
Berlin,2026-01-24 03:00:00,-2.69,-7.46,90,Clouds,overcast clouds,3.84,2026-01-23T07:21:12.303463+00:00
Berlin,2026-01-24 06:00:00,-2.56,-7.41,91,Clouds,broken clouds,3.97,2026-01-23T07:21:12.303820+00:00
Berlin,2026-01-24 09:00:00,-4.33,-9.43,86,Clouds,overcast clouds,3.79,2026-01-24T07:16:01.857388+00:00
Berlin,2026-01-24 12:00:00,-4.57,-9.96,79,Clouds,overcast clouds,4.08,2026-01-24T07:16:01.857799+00:00
Berlin,2026-01-24 15:00:00,-3.14,-8.06,77,Clouds,overcast clouds,3.9,2026-01-24T07:16:01.858195+00:00
Berlin,2026-01-24 18:00:00,-3.53,-8.77,79,Clouds,broken clouds,4.19,2026-01-24T07:16:01.858567+00:00
Berlin,2026-01-24 21:00:00,-1.92,-6.27,79,Clouds,overcast clouds,3.52,2026-01-24T07:16:01.858932+00:00
Berlin,2026-01-25 00:00:00,-4.53,-9.17,80,Clouds,overcast clouds,3.23,2026-01-24T07:16:01.859313+00:00
Berlin,2026-01-25 03:00:00,-2.29,-6.58,86,Clouds,overcast clouds,3.36,2026-01-24T07:16:01.859673+00:00
Berlin,2026-01-25 06:00:00,-2.58,-7.31,92,Clouds,broken clouds,3.82,2026-01-24T07:16:01.860036+00:00
Berlin,2026-01-25 09:00:00,-2.67,-7.16,85,Clouds,overcast clouds,3.5,2026-01-25T07:17:43.676441+00:00
Berlin,2026-01-25 12:00:00,-2.33,-7.36,79,Clouds,overcast clouds,4.29,2026-01-25T07:17:43.676861+00:00
Berlin,2026-01-25 15:00:00,-0.2,-5.09,80,Clouds,overcast clouds,4.87,2026-01-25T07:17:43.677266+00:00
Berlin,2026-01-25 18:00:00,0.25,-4.63,87,Snow,light snow,5.05,2026-01-25T07:17:43.677644+00:00
Berlin,2026-01-25 21:00:00,-0.1,-5.27,90,Snow,light snow,5.41,2026-01-25T07:17:43.678037+00:00
Berlin,2026-01-26 00:00:00,2.68,-1.6,96,Rain,light rain,5.06,2026-01-25T07:17:43.678429+00:00
Berlin,2026-01-26 03:00:00,1.32,-3.11,96,Rain,light rain,4.73,2026-01-25T07:17:43.678795+00:00
Berlin,2026-01-26 06:00:00,1.19,-2.63,98,Rain,light rain,3.72,2026-01-25T07:17:43.679206+00:00
Berlin,2026-01-26 09:00:00,0.02,-3.46,95,Clouds,overcast clouds,2.98,2026-01-26T07:23:07.066539+00:00
Berlin,2026-01-26 12:00:00,-0.38,-4.22,88,Clouds,overcast clouds,3.3,2026-01-26T07:23:07.066963+00:00
Berlin,2026-01-26 15:00:00,-1.15,-4.3,83,Clouds,overcast clouds,2.42,2026-01-26T07:23:07.067357+00:00
Berlin,2026-01-26 18:00:00,-2.65,-5.15,97,Clouds,overcast clouds,1.73,2026-01-26T07:23:07.067791+00:00
Berlin,2026-01-26 21:00:00,-2.16,-3.93,98,Snow,light snow,1.34,2026-01-26T07:23:07.068186+00:00
Berlin,2026-01-27 00:00:00,-1.13,-3.4,98,Snow,light snow,1.73,2026-01-26T07:23:07.068612+00:00
Berlin,2026-01-27 03:00:00,-1.69,-3.51,97,Snow,light snow,1.4,2026-01-26T07:23:07.069001+00:00
Berlin,2026-01-27 06:00:00,-1.66,-3.94,96,Clouds,overcast clouds,1.68,2026-01-26T07:23:07.069367+00:00
Berlin,2026-01-27 09:00:00,-1.53,-1.53,88,Clouds,broken clouds,0.72,2026-01-27T07:23:18.855330+00:00
Berlin,2026-01-27 12:00:00,0.05,-1.63,80,Clouds,broken clouds,1.46,2026-01-27T07:23:18.855822+00:00
Berlin,2026-01-27 15:00:00,-0.28,-2.03,81,Clouds,broken clouds,1.47,2026-01-27T07:23:18.856277+00:00
Berlin,2026-01-27 18:00:00,-1.08,-2.87,87,Clouds,scattered clouds,1.43,2026-01-27T07:23:18.856666+00:00
Berlin,2026-01-27 21:00:00,-0.73,-3.01,88,Clouds,few clouds,1.78,2026-01-27T07:23:18.857072+00:00
Berlin,2026-01-28 00:00:00,-2.99,-6.34,87,Clouds,scattered clouds,2.31,2026-01-27T07:23:18.857443+00:00
Berlin,2026-01-28 03:00:00,-1.14,-4.78,85,Clouds,broken clouds,2.9,2026-01-27T07:23:18.857812+00:00
Berlin,2026-01-28 06:00:00,-1.34,-5.12,84,Clouds,broken clouds,3.01,2026-01-27T07:23:18.858206+00:00
Berlin,2026-01-28 09:00:00,-0.69,-5.1,89,Clouds,overcast clouds,3.96,2026-01-28T07:21:23.308256+00:00
Berlin,2026-01-28 12:00:00,-0.25,-4.91,80,Clouds,broken clouds,4.47,2026-01-28T07:21:23.308707+00:00
Berlin,2026-01-28 15:00:00,0.74,-3.46,73,Clouds,broken clouds,4.13,2026-01-28T07:21:23.309099+00:00
Berlin,2026-01-28 18:00:00,2.03,-2.14,81,Clouds,overcast clouds,4.57,2026-01-28T07:21:23.309496+00:00
Berlin,2026-01-28 21:00:00,2.1,-1.45,83,Clouds,overcast clouds,3.63,2026-01-28T07:21:23.309869+00:00
Berlin,2026-01-29 00:00:00,0.63,-3.61,77,Clouds,overcast clouds,4.15,2026-01-28T07:21:23.310238+00:00
Berlin,2026-01-29 03:00:00,-1.02,-5.52,87,Clouds,overcast clouds,3.98,2026-01-28T07:21:23.310631+00:00
Berlin,2026-01-29 06:00:00,-1.4,-5.92,84,Clouds,overcast clouds,3.89,2026-01-28T07:21:23.310995+00:00
Berlin,2026-01-29 09:00:00,-0.7,-5.65,89,Clouds,overcast clouds,4.77,2026-01-29T07:36:24.279845+00:00
Berlin,2026-01-29 12:00:00,-0.92,-5.91,86,Clouds,overcast clouds,4.75,2026-01-29T07:36:24.280277+00:00
Berlin,2026-01-29 15:00:00,-1.23,-6.24,83,Clouds,overcast clouds,4.66,2026-01-29T07:36:24.280603+00:00
Berlin,2026-01-29 18:00:00,-1.14,-6.16,82,Clouds,overcast clouds,4.71,2026-01-29T07:36:24.280912+00:00
Berlin,2026-01-29 21:00:00,-1.62,-6.89,83,Clouds,overcast clouds,4.91,2026-01-29T07:36:24.281249+00:00
Berlin,2026-01-30 00:00:00,-1.56,-6.81,84,Clouds,overcast clouds,4.91,2026-01-29T07:36:24.281556+00:00
Berlin,2026-01-30 03:00:00,-1.82,-7.05,85,Clouds,overcast clouds,4.77,2026-01-29T07:36:24.281854+00:00
Berlin,2026-01-30 06:00:00,-1.98,-7.34,87,Clouds,overcast clouds,4.92,2026-01-29T07:36:24.282168+00:00
Berlin,2026-01-30 09:00:00,-3.6,-9.5,89,Clouds,broken clouds,5.12,2026-01-30T07:36:27.264916+00:00
Berlin,2026-01-30 12:00:00,-2.69,-8.43,86,Clouds,broken clouds,5.24,2026-01-30T07:36:27.265360+00:00
Berlin,2026-01-30 15:00:00,-1.65,-7.05,86,Clouds,overcast clouds,5.11,2026-01-30T07:36:27.265758+00:00
Berlin,2026-01-30 18:00:00,-1.11,-6.5,93,Snow,light snow,5.34,2026-01-30T07:36:27.266144+00:00
Berlin,2026-01-30 21:00:00,-0.77,-6.12,92,Snow,light snow,5.42,2026-01-30T07:36:27.266548+00:00
Berlin,2026-01-31 00:00:00,-1.99,-7.78,91,Snow,light snow,5.64,2026-01-30T07:36:27.266916+00:00
Berlin,2026-01-31 03:00:00,-2.77,-8.78,85,Clouds,overcast clouds,5.67,2026-01-30T07:36:27.267330+00:00
Berlin,2026-01-31 06:00:00,-3.98,-10.29,81,Clouds,overcast clouds,5.63,2026-01-30T07:36:27.267715+00:00
Berlin,2026-01-31 09:00:00,-4.13,-10.54,86,Clouds,overcast clouds,5.73,2026-01-31T07:24:31.507901+00:00
Berlin,2026-01-31 12:00:00,-4.08,-10.4,80,Clouds,overcast clouds,5.61,2026-01-31T07:24:31.508360+00:00
Berlin,2026-01-31 15:00:00,-3.37,-9.28,73,Clouds,broken clouds,5.23,2026-01-31T07:24:31.508774+00:00
Berlin,2026-01-31 18:00:00,-5.45,-12.14,76,Clouds,broken clouds,5.63,2026-01-31T07:24:31.509154+00:00
Berlin,2026-01-31 21:00:00,-6.1,-12.89,78,Clouds,broken clouds,5.51,2026-01-31T07:24:31.509535+00:00
Berlin,2026-02-01 00:00:00,-5.43,-11.75,80,Clouds,broken clouds,5.07,2026-01-31T07:24:31.509934+00:00
Berlin,2026-02-01 03:00:00,-7.34,-14.2,79,Clouds,scattered clouds,5.15,2026-01-31T07:24:31.510305+00:00
Berlin,2026-02-01 06:00:00,-7.8,-14.74,77,Clouds,broken clouds,5.09,2026-01-31T07:24:31.510670+00:00
Berlin,2026-02-01 09:00:00,-7.15,-14.02,79,Clouds,overcast clouds,5.23,2026-02-01T07:33:23.966031+00:00
Berlin,2026-02-01 12:00:00,-7.02,-13.82,73,Clouds,overcast clouds,5.18,2026-02-01T07:33:23.966500+00:00
Berlin,2026-02-01 15:00:00,-6.04,-12.44,62,Clouds,overcast clouds,4.96,2026-02-01T07:33:23.966898+00:00
Berlin,2026-02-01 18:00:00,-5.66,-12.14,50,Clouds,overcast clouds,5.21,2026-02-01T07:33:23.967290+00:00
Berlin,2026-02-01 21:00:00,-5.4,-11.82,50,Clouds,broken clouds,5.22,2026-02-01T07:33:23.967727+00:00
Berlin,2026-02-02 00:00:00,-6.84,-13.56,59,Clouds,scattered clouds,5.13,2026-02-01T07:33:23.968104+00:00
Berlin,2026-02-02 03:00:00,-7.35,-14.33,64,Clear,clear sky,5.32,2026-02-01T07:33:23.968522+00:00
Berlin,2026-02-02 06:00:00,-7.94,-14.94,64,Clouds,few clouds,5.51,2026-02-01T07:33:23.968925+00:00
Berlin,2026-02-02 09:00:00,-8.63,-15.63,77,Clouds,overcast clouds,5.72,2026-02-02T07:45:22.025808+00:00
Berlin,2026-02-02 12:00:00,-8.38,-15.38,72,Clouds,overcast clouds,5.93,2026-02-02T07:45:22.026242+00:00
Berlin,2026-02-02 15:00:00,-7.12,-14.12,64,Clouds,broken clouds,5.77,2026-02-02T07:45:22.026616+00:00
Berlin,2026-02-02 18:00:00,-6.81,-13.81,53,Clouds,scattered clouds,5.95,2026-02-02T07:45:22.026942+00:00
Berlin,2026-02-02 21:00:00,-6.17,-13.17,55,Clouds,few clouds,6.15,2026-02-02T07:45:22.027261+00:00
Berlin,2026-02-03 00:00:00,-7.22,-14.22,63,Clouds,few clouds,6.3,2026-02-02T07:45:22.027582+00:00
Berlin,2026-02-03 03:00:00,-7.77,-14.77,66,Clouds,few clouds,6.44,2026-02-02T07:45:22.027888+00:00
Berlin,2026-02-03 06:00:00,-7.9,-14.9,66,Clouds,few clouds,6.57,2026-02-02T07:45:22.028219+00:00
Berlin,2026-02-03 09:00:00,-8.48,-15.48,68,Clouds,broken clouds,7.19,2026-02-03T07:38:10.869207+00:00
Berlin,2026-02-03 12:00:00,-7.57,-14.57,58,Clouds,broken clouds,7.08,2026-02-03T07:38:10.869664+00:00
Berlin,2026-02-03 15:00:00,-5.97,-12.97,40,Clouds,scattered clouds,6.79,2026-02-03T07:38:10.870085+00:00
Berlin,2026-02-03 18:00:00,-5.13,-12.06,29,Clouds,few clouds,6.17,2026-02-03T07:38:10.870466+00:00
Berlin,2026-02-03 21:00:00,-3.94,-10.35,41,Clouds,broken clouds,5.82,2026-02-03T07:38:10.870836+00:00
Berlin,2026-02-04 00:00:00,-4.1,-10.18,54,Clouds,broken clouds,5.21,2026-02-03T07:38:10.871228+00:00
Berlin,2026-02-04 03:00:00,-5.09,-11.14,64,Clouds,overcast clouds,4.79,2026-02-03T07:38:10.871589+00:00
Berlin,2026-02-04 06:00:00,-5.6,-11.73,72,Clouds,overcast clouds,4.73,2026-02-03T07:38:10.871996+00:00
Berlin,2026-02-04 09:00:00,-6.59,-12.98,84,Clouds,overcast clouds,4.75,2026-02-04T07:40:08.405202+00:00
Berlin,2026-02-04 12:00:00,-5.77,-11.81,80,Clouds,overcast clouds,4.55,2026-02-04T07:40:08.405627+00:00
Berlin,2026-02-04 15:00:00,-3.96,-9.7,75,Clouds,overcast clouds,4.75,2026-02-04T07:40:08.405965+00:00
Berlin,2026-02-04 18:00:00,-2.86,-8.45,78,Clouds,overcast clouds,4.93,2026-02-04T07:40:08.406307+00:00
Berlin,2026-02-04 21:00:00,-2.83,-8.42,82,Clouds,overcast clouds,4.94,2026-02-04T07:40:08.406625+00:00
Berlin,2026-02-05 00:00:00,-1.65,-7.35,84,Clouds,overcast clouds,5.63,2026-02-04T07:40:08.406935+00:00
Berlin,2026-02-05 03:00:00,-2.44,-8.49,95,Snow,snow,5.89,2026-02-04T07:40:08.407281+00:00
Berlin,2026-02-05 06:00:00,-1.72,-7.3,94,Snow,snow,5.4,2026-02-04T07:40:08.407586+00:00
Berlin,2026-02-05 09:00:00,-1.35,-5.95,95,Snow,light snow,4.01,2026-02-04T07:40:08.407881+00:00
Berlin,2026-02-05 12:00:00,-0.91,-4.81,97,Clouds,overcast clouds,3.24,2026-02-04T07:40:08.408209+00:00
Berlin,2026-02-05 15:00:00,-0.49,-3.06,98,Clouds,overcast clouds,2.03,2026-02-04T07:40:08.408519+00:00
Berlin,2026-02-05 18:00:00,-0.21,-1.96,99,Clouds,overcast clouds,1.48,2026-02-04T07:40:08.408815+00:00
Berlin,2026-02-05 21:00:00,-0.17,-1.83,99,Clouds,overcast clouds,1.43,2026-02-04T07:40:08.409109+00:00
Berlin,2026-02-06 00:00:00,0.35,-1.31,99,Clouds,overcast clouds,1.47,2026-02-04T07:40:08.409428+00:00
Berlin,2026-02-06 03:00:00,0.78,-1.88,98,Clouds,overcast clouds,2.29,2026-02-04T07:40:08.409735+00:00
Berlin,2026-02-06 06:00:00,-0.11,-3.12,98,Clouds,overcast clouds,2.47,2026-02-04T07:40:08.410032+00:00
Berlin,2026-02-06 09:00:00,1.15,-0.35,99,Clouds,broken clouds,1.44,2026-02-04T07:40:08.410344+00:00
Berlin,2026-02-06 12:00:00,2.54,0.68,98,Clouds,broken clouds,1.85,2026-02-04T07:40:08.410639+00:00
Berlin,2026-02-06 15:00:00,1.43,0.05,99,Clouds,overcast clouds,1.39,2026-02-04T07:40:08.410933+00:00
Berlin,2026-02-06 18:00:00,1.06,-0.5,99,Clouds,overcast clouds,1.47,2026-02-04T07:40:08.411265+00:00
Berlin,2026-02-06 21:00:00,0.88,-1.17,99,Clouds,overcast clouds,1.79,2026-02-04T07:40:08.411563+00:00
Berlin,2026-02-07 00:00:00,-0.11,-2.01,99,Clouds,overcast clouds,1.58,2026-02-04T07:40:08.411858+00:00
Berlin,2026-02-07 03:00:00,-0.5,-2.42,98,Clouds,overcast clouds,1.56,2026-02-04T07:40:08.412169+00:00
Berlin,2026-02-07 06:00:00,-0.4,-2.5,97,Clouds,overcast clouds,1.69,2026-02-04T07:40:08.412477+00:00
Berlin,2026-02-07 09:00:00,1.11,-0.43,96,Clouds,overcast clouds,1.46,2026-02-04T07:40:08.412771+00:00
Berlin,2026-02-07 12:00:00,1.07,1.07,99,Rain,light rain,0.92,2026-02-04T07:40:08.413064+00:00
Berlin,2026-02-07 15:00:00,0.78,0.78,100,Rain,light rain,1.16,2026-02-04T07:40:08.413396+00:00
Berlin,2026-02-07 18:00:00,0.88,-0.89,99,Rain,light rain,1.59,2026-02-04T07:40:08.413698+00:00
Berlin,2026-02-07 21:00:00,0.92,-1.44,99,Rain,light rain,2.05,2026-02-04T07:40:08.414001+00:00
Berlin,2026-02-08 00:00:00,0.77,-1.88,99,Clouds,overcast clouds,2.28,2026-02-04T07:40:08.414398+00:00
Berlin,2026-02-08 03:00:00,0.49,-2.7,99,Snow,light snow,2.76,2026-02-04T07:40:08.414713+00:00
Berlin,2026-02-08 06:00:00,0.15,-3.28,98,Snow,light snow,2.95,2026-02-04T07:40:08.415013+00:00
Berlin,2026-02-08 09:00:00,0.25,-3.16,94,Clouds,overcast clouds,2.95,2026-02-04T07:40:08.415349+00:00
Berlin,2026-02-08 12:00:00,1.0,-2.34,89,Clouds,overcast clouds,3.05,2026-02-04T07:40:08.415658+00:00
Berlin,2026-02-08 15:00:00,0.3,-3.37,87,Clouds,overcast clouds,3.27,2026-02-04T07:40:08.415981+00:00
Berlin,2026-02-08 18:00:00,-0.45,-4.19,89,Clouds,overcast clouds,3.17,2026-02-04T07:40:08.416300+00:00
Berlin,2026-02-08 21:00:00,-1.11,-5.3,92,Clouds,overcast clouds,3.54,2026-02-04T07:40:08.416598+00:00
Berlin,2026-02-09 00:00:00,-1.42,-5.89,91,Clouds,overcast clouds,3.82,2026-02-04T07:40:08.416890+00:00
Berlin,2026-02-09 03:00:00,-1.86,-6.42,88,Clouds,overcast clouds,3.81,2026-02-04T07:40:08.417197+00:00
Berlin,2026-02-09 06:00:00,-1.33,-5.35,86,Clouds,overcast clouds,3.28,2026-02-04T07:40:08.417498+00:00
